Date,Code,Open,High,Low,Close,Preclose,Volume,Amount,adjustflag,Turn,tradestatus,pctChg,isST
2020-07-01,sh.601899,4.4700,4.7000,4.4700,4.5900,4.4000,336231584,1543257513.0000,3,1.711900,1,4.318200,0
2020-07-02,sh.601899,4.5100,4.6500,4.5100,4.6200,4.5900,272079408,1252357766.0000,3,1.385300,1,0.653600,0
2020-07-03,sh.601899,4.6000,4.7900,4.5800,4.7500,4.6200,330125520,1558853698.0000,3,1.680900,1,2.813900,0
2020-07-06,sh.601899,4.7700,5.1300,4.7700,5.1100,4.7500,525666208,2642327770.0000,3,2.676500,1,7.579000,0
2020-07-07,sh.601899,5.2000,5.4500,5.1200,5.1300,5.1100,463256288,2435377392.0000,3,2.358700,1,0.391400,0
2020-07-08,sh.601899,5.1600,5.6000,5.1400,5.5800,5.1300,565314768,3057825693.0000,3,2.878300,1,8.771900,0
2020-07-09,sh.601899,5.6500,6.1400,5.6500,6.1400,5.5800,690230768,4116056290.0000,3,3.514400,1,10.035800,0
2020-07-10,sh.601899,6.0000,6.0000,5.6400,5.6600,6.1400,623383168,3614792120.0000,3,3.174000,1,-7.817600,0
2020-07-13,sh.601899,5.8300,6.0700,5.8100,6.0000,5.6600,576155696,3431960881.0000,3,2.933500,1,6.007100,0
2020-07-14,sh.601899,5.7800,5.9500,5.7000,5.8200,6.0000,426061472,2469490567.0000,3,2.169300,1,-3.000000,0
2020-07-15,sh.601899,5.8500,5.9400,5.6000,5.6500,5.8200,368158624,2111417755.0000,3,1.874500,1,-2.921000,0
2020-07-16,sh.601899,5.5800,5.7800,5.4000,5.4400,5.6500,308009088,1726210139.0000,3,1.568200,1,-3.716800,0
2020-07-17,sh.601899,5.3000,5.4400,5.2100,5.3500,5.3400,243140716,1299330891.0000,3,1.238000,1,0.187300,0
2020-07-20,sh.601899,5.4600,5.6200,5.4200,5.6100,5.3500,380512080,2110951004.0000,3,1.937400,1,4.859800,0
2020-07-21,sh.601899,5.7100,5.7800,5.6000,5.6800,5.6100,298565088,1701371308.4700,3,1.520200,1,1.247800,0
2020-07-22,sh.601899,6.0100,6.0800,5.8200,5.8500,5.6800,383973296,2275999069.6800,3,1.955000,1,2.993000,0
2020-07-23,sh.601899,5.9300,5.9500,5.6200,5.8200,5.8500,305906640,1772895845.7300,3,1.557500,1,-0.512800,0
2020-07-24,sh.601899,5.7800,5.8700,5.5400,5.6300,5.8200,359066864,2047695723.2600,3,1.828200,1,-3.264600,0
2020-07-27,sh.601899,5.7700,6.0400,5.6900,6.0200,5.6300,581687440,3458036747.2800,3,2.961700,1,6.927200,0
2020-07-28,sh.601899,6.2300,6.3000,5.7000,5.7600,6.0200,641076128,3836954516.6700,3,3.264100,1,-4.318900,0
2020-07-29,sh.601899,5.7600,5.7900,5.5800,5.7400,5.7600,419692240,2381905024.2900,3,2.136900,1,-0.347200,0
2020-07-30,sh.601899,5.7700,5.8600,5.6300,5.6500,5.7400,294110304,1681310716.0500,3,1.497500,1,-1.567900,0
2020-07-31,sh.601899,5.7000,5.8500,5.6300,5.8500,5.6500,349910752,2013444108.5700,3,1.781600,1,3.539800,0
2020-08-03,sh.601899,5.8000,5.8800,5.7100,5.8400,5.8500,300128608,1741028418.0300,3,1.528100,1,-0.170900,0
2020-08-04,sh.601899,5.8300,5.9500,5.7600,5.7900,5.8400,285044608,1660603526.5100,3,1.451300,1,-0.856200,0
2020-08-05,sh.601899,5.9700,6.0500,5.8200,6.0400,5.7900,471020400,2803206794.7100,3,2.398200,1,4.317800,0
2020-08-06,sh.601899,6.0900,6.6000,6.0800,6.5700,6.0400,718268736,4625912973.3500,3,3.657100,1,8.774800,0
2020-08-07,sh.601899,6.5700,6.9800,6.5100,6.6400,6.5700,728252320,4919137309.3600,3,3.707900,1,1.065400,0
2020-08-10,sh.601899,6.3700,6.4300,6.2000,6.3300,6.6400,408542640,2572469568.7800,3,2.080100,1,-4.668700,0
2020-08-11,sh.601899,6.2000,6.3500,6.0000,6.0300,6.3300,398065552,2455260277.7800,3,2.026800,1,-4.739300,0
2020-08-12,sh.601899,5.5900,5.7600,5.4400,5.7000,6.0300,596546480,3334005267.9700,3,3.037400,1,-5.472600,0
2020-08-13,sh.601899,5.7100,5.7700,5.6000,5.7200,5.7000,197710106,1125242590.2000,3,1.006700,1,0.350900,0
2020-08-14,sh.601899,5.7400,5.9200,5.7000,5.7800,5.7200,181252163,1051840701.8900,3,0.922900,1,1.049000,0
2020-08-17,sh.601899,5.7500,6.1600,5.6900,6.1100,5.7800,317022000,1886070320.1200,3,1.614100,1,5.709300,0
2020-08-18,sh.601899,6.2700,6.4100,6.1800,6.3600,6.1100,305112736,1926947631.1500,3,1.553500,1,4.091700,0
2020-08-19,sh.601899,6.3600,6.5200,6.2800,6.5000,6.3600,452817744,2904487833.5100,3,2.305600,1,2.201300,0
2020-08-20,sh.601899,6.1900,6.5500,6.1000,6.3200,6.5000,355196080,2238850114.3700,3,1.808500,1,-2.769200,0
2020-08-21,sh.601899,6.3300,6.4000,6.1600,6.2000,6.3200,208846031,1305123835.9500,3,1.063400,1,-1.898700,0
2020-08-24,sh.601899,6.3000,6.8000,6.2600,6.7000,6.2000,492134400,3233027175.8800,3,2.505700,1,8.064500,0
2020-08-25,sh.601899,6.7600,6.7600,6.3400,6.6000,6.7000,368169776,2400064576.7800,3,1.874600,1,-1.492500,0
2020-08-26,sh.601899,6.5300,6.7200,6.4300,6.5300,6.6000,264105493,1732649924.8800,3,1.344700,1,-1.060600,0
2020-08-27,sh.601899,6.6600,6.7100,6.4200,6.4800,6.5300,186834777,1223716663.8000,3,0.951300,1,-0.765700,0
2020-08-28,sh.601899,6.4500,6.6900,6.2900,6.6500,6.4800,259636921,1694238227.8100,3,1.322000,1,2.623500,0
2020-08-31,sh.601899,6.7700,7.3200,6.7600,7.1900,6.6500,746287392,5352225218.7900,3,3.799800,1,8.120300,0
2020-09-01,sh.601899,7.2000,7.4900,7.1500,7.3400,7.1900,444801360,3253480596.7900,3,2.264700,1,2.086200,0
2020-09-02,sh.601899,7.2500,7.3100,7.0200,7.1300,7.3400,346897504,2474034081.2400,3,1.766300,1,-2.861000,0
2020-09-03,sh.601899,7.0100,7.2500,6.9500,7.0600,7.1300,270134576,1923632823.6100,3,1.375400,1,-0.981800,0
2020-09-04,sh.601899,6.9200,7.1900,6.9100,7.0000,7.0600,223535260,1573107055.7800,3,1.138100,1,-0.849900,0
2020-09-07,sh.601899,7.1000,7.4300,6.9700,7.0900,7.0000,350756192,2530520459.8300,3,1.785900,1,1.285700,0
2020-09-08,sh.601899,6.9900,7.1200,6.7100,7.0400,7.0900,305837184,2109194439.3600,3,1.557200,1,-0.705200,0
2020-09-09,sh.601899,6.8400,6.9900,6.7100,6.7300,7.0400,233008778,1585961863.9700,3,1.186400,1,-4.403400,0
2020-09-10,sh.601899,6.9000,7.1700,6.8300,6.9800,6.7300,343475744,2407420871.1500,3,1.748800,1,3.714700,0
2020-09-11,sh.601899,6.9000,6.9600,6.7300,6.9100,6.9800,214292288,1466902454.7300,3,1.091100,1,-1.002900,0
2020-09-14,sh.601899,7.0000,7.2400,6.8500,7.1400,6.9100,286499184,2031960307.2700,3,1.458700,1,3.328500,0
2020-09-15,sh.601899,7.2000,7.2800,7.1100,7.1700,7.1400,237318149,1704384190.4300,3,1.208300,1,0.420200,0
2020-09-16,sh.601899,7.0500,7.1400,6.9200,7.0400,7.1700,168620765,1184866870.9800,3,0.858500,1,-1.813100,0
2020-09-17,sh.601899,6.9800,6.9900,6.7400,6.8000,7.0400,233631054,1594086151.3100,3,1.189500,1,-3.409100,0
2020-09-18,sh.601899,6.8600,7.0500,6.8200,7.0300,6.8000,220922464,1533430239.7400,3,1.124800,1,3.382400,0
2020-09-21,sh.601899,7.0200,7.1100,6.8300,6.8700,7.0300,198003684,1377199172.6900,3,1.008100,1,-2.276000,0
2020-09-22,sh.601899,6.6000,6.7700,6.5100,6.5600,6.8700,281916496,1871226401.1900,3,1.435400,1,-4.512400,0
2020-09-23,sh.601899,6.5800,6.6300,6.3800,6.4500,6.5600,256802497,1660748398.8700,3,1.307500,1,-1.676800,0
2020-09-24,sh.601899,6.2800,6.3000,6.0000,6.0200,6.4500,394361760,2413826183.3900,3,2.007900,1,-6.666700,0
2020-09-25,sh.601899,6.1300,6.2400,6.1000,6.2000,6.0200,220718804,1363147840.0600,3,1.123800,1,2.990000,0
2020-09-28,sh.601899,6.2200,6.2800,6.0900,6.1900,6.2000,155839487,966583391.3800,3,0.793500,1,-0.161300,0
2020-09-29,sh.601899,6.3200,6.4200,6.1600,6.1900,6.1900,208115087,1300959855.1300,3,1.059600,1,0.000000,0
2020-09-30,sh.601899,6.2500,6.2900,6.0700,6.1500,6.1900,160117715,988075369.2600,3,0.815300,1,-0.646200,0
2020-10-09,sh.601899,6.2500,6.2800,6.1500,6.2200,6.1500,255638892,1588025395.0800,3,1.301600,1,1.138200,0
2020-10-12,sh.601899,6.2400,6.5900,6.2400,6.5800,6.2200,283980144,1845566146.8500,3,1.445900,1,5.787800,0
2020-10-13,sh.601899,6.5400,6.6000,6.4200,6.5800,6.5800,143854706,938112526.3500,3,0.732400,1,0.000000,0
2020-10-14,sh.601899,6.4100,6.5400,6.3700,6.4900,6.5800,126964096,820486583.6200,3,0.646400,1,-1.367800,0
2020-10-15,sh.601899,6.5100,6.6700,6.4900,6.5600,6.4900,132363029,871390722.6600,3,0.673900,1,1.078600,0
2020-10-16,sh.601899,6.7000,6.8200,6.5600,6.5900,6.5600,164105665,1094957743.4000,3,0.835600,1,0.457300,0
2020-10-19,sh.601899,6.6000,6.7100,6.4800,6.6800,6.5900,146237282,970042975.2800,3,0.744600,1,1.365700,0
2020-10-20,sh.601899,6.7100,6.8200,6.5700,6.7500,6.6800,181648607,1221323953.8400,3,0.924900,1,1.047900,0
2020-10-21,sh.601899,6.8800,7.0400,6.8800,6.9700,6.7500,250975220,1747918619.6700,3,1.277900,1,3.259300,0
2020-10-22,sh.601899,6.9900,7.0000,6.8600,6.9600,6.9700,132248568,915540070.5200,3,0.673400,1,-0.143500,0
2020-10-23,sh.601899,6.8700,7.0300,6.8600,6.9100,6.9600,123050431,854363384.7100,3,0.626500,1,-0.718400,0
2020-10-26,sh.601899,6.9100,7.0700,6.7700,7.0400,6.9100,187101086,1301961102.8600,3,0.952600,1,1.881300,0
2020-10-27,sh.601899,7.0000,7.1000,6.9800,7.0700,7.0400,125888167,885737458.3100,3,0.641000,1,0.426100,0
2020-10-28,sh.601899,7.0500,7.2300,7.0000,7.1600,7.0700,165674101,1180890656.2100,3,0.843500,1,1.273000,0
2020-10-29,sh.601899,6.9500,7.0800,6.8800,7.0100,7.1600,150836485,1056418008.9300,3,0.768000,1,-2.095000,0
2020-10-30,sh.601899,7.0400,7.2800,6.9500,6.9900,7.0100,196605879,1391936744.9100,3,1.001000,1,-0.285300,0
2020-11-02,sh.601899,7.0700,7.2200,7.0000,7.1900,6.9900,202034380,1447781683.7700,3,1.028700,1,2.861200,0
2020-11-03,sh.601899,7.2600,7.8900,7.2200,7.6500,7.1900,416717744,3170877779.8900,3,2.121700,1,6.397800,0
2020-11-04,sh.601899,7.6500,7.7300,7.5100,7.6700,7.6500,198735271,1518356030.9100,3,1.011900,1,0.261400,0
2020-11-05,sh.601899,7.7400,7.8000,7.5100,7.6600,7.6700,220684641,1687147407.1200,3,1.123600,1,-0.130400,0
2020-11-06,sh.601899,7.8500,8.0300,7.7600,7.9000,7.6600,318343984,2518923528.0200,3,1.620900,1,3.133200,0
2020-11-09,sh.601899,8.0200,8.1700,7.9500,8.1300,7.9000,293704256,2374099304.4400,3,1.495400,1,2.911400,0
2020-11-10,sh.601899,7.7500,7.8600,7.6100,7.7000,8.1300,389531056,3017574704.3400,3,1.983300,1,-5.289100,0
2020-11-11,sh.601899,7.6800,7.7500,7.5000,7.5300,7.7000,223126301,1695610304.3200,3,1.136100,1,-2.207800,0
2020-11-12,sh.601899,7.4700,7.7200,7.3400,7.6700,7.5300,248024070,1876190342.6800,3,1.262800,1,1.859200,0
2020-11-13,sh.601899,7.7000,7.7700,7.5200,7.6400,7.6700,155571312,1189078819.1300,3,0.792100,1,-0.391100,0
2020-11-16,sh.601899,7.7800,8.3000,7.7800,8.1900,7.6400,402642368,3255892343.8700,3,2.050100,1,7.199000,0
2020-11-17,sh.601899,8.1900,8.4100,8.1100,8.2100,8.1900,289942160,2389264146.8100,3,1.476300,1,0.244200,0
2020-11-18,sh.601899,8.1600,8.8600,8.1500,8.4200,8.2100,467088240,3978854137.0800,3,2.378200,1,2.557900,0
2020-11-19,sh.601899,8.3500,8.4300,8.1100,8.3800,8.4200,233169686,1929711760.6300,3,1.187200,1,-0.475100,0
2020-11-20,sh.601899,8.3400,8.9800,8.3000,8.9800,8.3800,341594880,2976508137.3800,3,1.739300,1,7.159900,0
2020-11-23,sh.601899,9.1600,9.4300,8.8200,9.1600,8.9800,490866560,4501613889.7500,3,2.499300,1,2.004500,0
2020-11-24,sh.601899,8.8900,9.1600,8.8100,9.1500,9.1600,368028912,3304259942.3500,3,1.873800,1,-0.109200,0
2020-11-25,sh.601899,9.1200,9.4000,8.6000,8.6200,9.1500,527469520,4694577304.2800,3,2.685600,1,-5.792300,0
2020-11-26,sh.601899,8.6200,8.8600,8.5800,8.8600,8.6200,296723120,2592404150.9400,3,1.510800,1,2.784200,0
2020-11-27,sh.601899,9.0000,9.1000,8.6800,8.9500,8.8600,258483274,2294451402.5000,3,1.316100,1,1.015800,0
2020-11-30,sh.601899,8.9100,9.4700,8.8200,9.2900,8.9500,430307408,3983057662.8400,3,2.190900,1,3.798900,0
2020-12-01,sh.601899,9.1300,9.3900,9.0500,9.3900,9.2900,260739041,2408544751.7000,3,1.327600,1,1.076400,0
2020-12-02,sh.601899,9.5500,9.7000,9.2000,9.3500,9.3900,330162864,3118879122.7300,3,1.681000,1,-0.426000,0
2020-12-03,sh.601899,9.2200,9.2900,8.7700,8.8600,9.3500,377381824,3377235826.7200,3,1.921500,1,-5.240600,0
2020-12-04,sh.601899,8.8800,9.1500,8.7500,9.1300,8.8600,267796859,2408571975.6800,3,1.363500,1,3.047400,0
2020-12-07,sh.601899,9.0700,9.1800,8.7100,8.8100,9.1300,264861178,2348355261.6500,3,1.348600,1,-3.504900,0
2020-12-08,sh.601899,8.9100,9.1300,8.8000,8.9100,8.8100,285706864,2557945104.4100,3,1.454700,1,1.135100,0
2020-12-09,sh.601899,8.9200,9.0500,8.6800,8.7100,8.9100,234836436,2066947594.3400,3,1.195700,1,-2.244700,0
2020-12-10,sh.601899,8.5100,8.6000,8.2000,8.5500,8.7100,297764688,2506752991.0500,3,1.516100,1,-1.837000,0
2020-12-11,sh.601899,8.8100,8.8400,8.2900,8.4300,8.5500,285486336,2443012610.0300,3,1.453600,1,-1.403500,0
2020-12-14,sh.601899,8.3000,8.5700,8.2000,8.5100,8.4300,191295595,1611031525.6500,3,0.974000,1,0.949000,0
2020-12-15,sh.601899,8.4200,8.4500,8.1100,8.3300,8.5100,285011728,2347146658.8400,3,1.451200,1,-2.115200,0
2020-12-16,sh.601899,8.4300,8.5000,8.1900,8.3800,8.3300,195560638,1632712270.8500,3,0.995700,1,0.600200,0
2020-12-17,sh.601899,8.4100,8.8300,8.3800,8.8300,8.3800,359553632,3111877662.1800,3,1.830700,1,5.369900,0
2020-12-18,sh.601899,8.9500,9.3300,8.9200,9.1900,8.8300,374924512,3428916938.5800,3,1.909000,1,4.077000,0
2020-12-21,sh.601899,9.3300,9.4800,9.1600,9.3900,9.1900,280066576,2615269450.2400,3,1.426000,1,2.176300,0
2020-12-22,sh.601899,9.1800,9.2300,8.7100,8.7500,9.3900,391525600,3516910192.2000,3,1.993500,1,-6.815800,0
2020-12-23,sh.601899,8.6700,8.8500,8.5200,8.7700,8.7500,249846668,2175904493.9500,3,1.272100,1,0.228600,0
2020-12-24,sh.601899,8.8200,9.0700,8.8200,8.9100,8.7700,200987038,1799389702.1700,3,1.023300,1,1.596400,0
2020-12-25,sh.601899,8.9300,9.3000,8.7100,9.2700,8.9100,273356912,2487214500.7900,3,1.391800,1,4.040400,0
2020-12-28,sh.601899,9.3700,9.6500,9.3500,9.4400,9.2700,321029008,3055390719.1800,3,1.634500,1,1.833900,0
2020-12-29,sh.601899,9.5100,9.5500,9.1000,9.1000,9.4400,244064436,2254838141.7600,3,1.242700,1,-3.601700,0
2020-12-30,sh.601899,9.0900,9.3600,8.9900,9.2700,9.1000,245102232,2258500596.8500,3,1.248000,1,1.868100,0
2020-12-31,sh.601899,9.3200,9.4300,9.1600,9.2900,9.2700,243889964,2267849820.4400,3,1.241800,1,0.215700,0
2021-01-04,sh.601899,9.4200,10.1700,9.3800,10.0400,9.2900,445168336,4361922843.4800,3,2.266600,1,8.073200,0
2021-01-05,sh.601899,10.0900,10.2500,9.8500,10.2100,10.0400,362738176,3659225116.9700,3,1.846900,1,1.693200,0
2021-01-06,sh.601899,10.4500,10.7900,10.3100,10.5000,10.2100,382786000,4029757962.3200,3,1.949000,1,2.840400,0
2021-01-07,sh.601899,10.4300,11.3200,10.3800,11.1800,10.5000,447954128,4908866977.9200,3,2.280800,1,6.476200,0
2021-01-08,sh.601899,11.4000,11.5200,10.9000,11.3500,11.1800,389430576,4344575344.1500,3,1.982800,1,1.520600,0
2021-01-11,sh.601899,10.9000,11.1200,10.5000,10.6700,11.3500,471688816,5095583003.8300,3,2.401600,1,-5.991200,0
2021-01-12,sh.601899,10.3000,10.9000,10.2300,10.9000,10.6700,330386256,3497531107.5900,3,1.682200,1,2.155600,0
2021-01-13,sh.601899,10.9200,11.5600,10.5100,10.6800,10.9000,446550144,4931502129.4500,3,2.273600,1,-2.018300,0
2021-01-14,sh.601899,10.6200,10.7200,10.3100,10.4300,10.6800,248924015,2614963250.4800,3,1.267400,1,-2.340800,0
2021-01-15,sh.601899,10.5900,10.8800,10.2400,10.5600,10.4300,265911595,2800597213.3200,3,1.353900,1,1.246400,0
2021-01-18,sh.601899,10.3000,10.7100,9.9300,10.6900,10.5600,297687280,3080365298.2300,3,1.515700,1,1.231100,0
2021-01-19,sh.601899,10.5500,10.7400,10.1400,10.2800,10.6900,241515575,2515421369.5600,3,1.229700,1,-3.835400,0
2021-01-20,sh.601899,10.2800,10.6600,10.2800,10.5600,10.2800,207543682,2181268564.8500,3,1.056700,1,2.723700,0
2021-01-21,sh.601899,10.7000,11.1500,10.6200,10.9700,10.5600,327400496,3571286802.9300,3,1.667000,1,3.882600,0
2021-01-22,sh.601899,10.8700,10.9900,10.6600,10.8300,10.9700,209061346,2266390398.4400,3,1.064400,1,-1.276200,0
2021-01-25,sh.601899,10.8400,11.3400,10.7200,11.0500,10.8300,302129488,3350992978.3400,3,1.538300,1,2.031400,0
2021-01-26,sh.601899,11.0000,11.0000,10.5100,10.7400,11.0500,268877456,2893638773.5700,3,1.369000,1,-2.805400,0
2021-01-27,sh.601899,10.7900,10.9200,10.1500,10.4200,10.7400,264593333,2751539537.0700,3,1.347200,1,-2.979500,0
2021-01-28,sh.601899,10.0000,10.2100,9.6000,9.6800,10.4200,351893776,3475714738.3600,3,1.791700,1,-7.101700,0
2021-01-29,sh.601899,9.9000,10.0000,9.3100,9.6000,9.6800,277139968,2676524826.4500,3,1.411100,1,-0.826400,0
2021-02-01,sh.601899,9.9400,10.4800,9.8200,10.4400,9.6000,355225248,3610966764.2900,3,1.808700,1,8.750000,0
2021-02-02,sh.601899,10.4800,10.8900,10.3300,10.8000,10.4400,280799952,2988213539.1400,3,1.429700,1,3.448300,0
2021-02-03,sh.601899,10.5900,10.7600,10.2500,10.4900,10.8000,281468912,2949954723.5600,3,1.433100,1,-2.870400,0
2021-02-04,sh.601899,10.5000,10.5600,10.0300,10.1500,10.4900,186606141,1910565322.4000,3,0.950100,1,-3.241200,0
2021-02-05,sh.601899,9.9900,10.3400,9.7300,9.8000,10.1500,263340422,2621783114.6800,3,1.340800,1,-3.448300,0
2021-02-08,sh.601899,10.1000,10.6500,10.0600,10.5900,9.8000,302447968,3151110631.0300,3,1.539900,1,8.061200,0
2021-02-09,sh.601899,10.9800,11.3500,10.7800,11.3400,10.5900,347099984,3868479612.5100,3,1.767300,1,7.082200,0
2021-02-10,sh.601899,11.4700,12.2800,11.4300,12.0800,11.3400,426762336,5065308197.8700,3,2.172900,1,6.525600,0
2021-02-18,sh.601899,13.2900,13.2900,13.2900,13.2900,12.0800,81753772,1086507629.8800,3,0.416300,1,10.016600,0
2021-02-19,sh.601899,13.6700,14.1100,12.8900,13.6400,13.2900,1008802432,13756431472.1100,3,5.136400,1,2.633600,0
2021-02-22,sh.601899,14.4600,15.0000,14.3200,14.6300,13.6400,1031889104,15225407083.5700,3,5.253900,1,7.258100,0
2021-02-23,sh.601899,14.1000,14.5400,13.7700,13.8500,14.6300,717283184,10155195094.0800,3,3.652100,1,-5.331500,0
2021-02-24,sh.601899,13.9500,14.2700,12.5500,13.1000,13.8500,763929152,10206863198.0300,3,3.889600,1,-5.415200,0
2021-02-25,sh.601899,13.6500,13.7400,12.8800,12.9800,13.1000,546806688,7290211659.3800,3,2.784100,1,-0.916000,0
2021-02-26,sh.601899,12.1900,12.5600,11.9800,12.1900,12.9800,636144896,7798379240.9700,3,3.239000,1,-6.086300,0
2021-03-01,sh.601899,12.2200,12.4000,11.7600,12.3200,12.1900,531899040,6448600367.6700,3,2.708200,1,1.066400,0
2021-03-02,sh.601899,12.1000,12.1000,11.5500,11.7500,12.3200,495700048,5849304561.9900,3,2.523900,1,-4.626600,0
2021-03-03,sh.601899,11.9600,12.3500,11.8000,12.3200,11.7500,522198992,6320032302.7300,3,2.658800,1,4.851100,0
2021-03-04,sh.601899,11.9300,12.0300,11.2000,11.4500,12.3200,603698528,7008365501.9400,3,3.073800,1,-7.061700,0
2021-03-05,sh.601899,10.7800,11.1300,10.6000,11.0000,11.4500,532956768,5798586694.2800,3,2.713600,1,-3.930100,0
2021-03-08,sh.601899,11.3300,11.4000,10.5900,10.6700,11.0000,418196496,4602169063.2400,3,2.129300,1,-3.000000,0
2021-03-09,sh.601899,10.7000,11.0700,10.0100,10.7100,10.6700,505206080,5344246000.1000,3,2.572300,1,0.374900,0
2021-03-10,sh.601899,10.7900,10.8000,10.3500,10.4900,10.7100,296477776,3119352160.3200,3,1.509500,1,-2.054200,0
2021-03-11,sh.601899,10.6500,11.5400,10.5400,11.5400,10.4900,572997920,6359017076.2300,3,2.917500,1,10.009500,0
2021-03-12,sh.601899,11.7100,11.7700,11.0600,11.3500,11.5400,460870192,5259841299.1900,3,2.346600,1,-1.646400,0
2021-03-15,sh.601899,11.3000,11.6400,10.9700,11.2500,11.3500,418274400,4730861426.2400,3,2.129700,1,-0.881100,0
2021-03-16,sh.601899,11.2800,11.3000,10.7500,11.1100,11.2500,305393456,3362527958.5600,3,1.554900,1,-1.244400,0
2021-03-17,sh.601899,10.8000,11.1100,10.6600,11.0900,11.1100,244471019,2672406852.9100,3,1.244700,1,-0.180000,0
2021-03-18,sh.601899,11.4000,11.5700,11.1500,11.1800,11.0900,302583472,3428045770.0800,3,1.540600,1,0.811500,0
2021-03-19,sh.601899,10.8200,11.0300,10.6900,10.8300,11.1800,360642224,3899339140.4700,3,1.836200,1,-3.130600,0
2021-03-22,sh.601899,10.7500,10.8400,10.4100,10.6600,10.8300,311295888,3300885479.1000,3,1.585000,1,-1.569700,0
2021-03-23,sh.601899,10.7800,10.8400,10.0000,10.1300,10.6600,437961712,4499471589.0900,3,2.229900,1,-4.971900,0
2021-03-24,sh.601899,9.9000,10.0300,9.3000,9.3600,10.1300,573323232,5474910242.1200,3,2.919100,1,-7.601200,0
2021-03-25,sh.601899,9.4500,9.7900,9.4100,9.5600,9.3600,397265840,3817736537.0800,3,2.022700,1,2.136800,0
2021-03-26,sh.601899,9.6000,10.0200,9.5200,9.9100,9.5600,408898176,3995802972.5200,3,2.081900,1,3.661100,0
2021-03-29,sh.601899,9.9200,10.0000,9.6500,9.9300,9.9100,295006016,2907970634.9300,3,1.502000,1,0.201800,0
2021-03-30,sh.601899,9.8100,10.1600,9.6800,9.9300,9.9300,296079312,2938037286.7800,3,1.507500,1,0.000000,0
2021-03-31,sh.601899,9.8100,9.8300,9.4500,9.6200,9.9300,341747840,3274537357.5400,3,1.740000,1,-3.121900,0
2021-04-01,sh.601899,9.7200,9.8200,9.6100,9.7400,9.6200,230815665,2240304734.5800,3,1.175200,1,1.247400,0
2021-04-02,sh.601899,9.8500,10.1400,9.8200,10.1300,9.7400,395349728,3962425756.4800,3,2.012900,1,4.004100,0
2021-04-06,sh.601899,10.3500,10.4400,10.1300,10.1500,10.1300,306084880,3141800029.6400,3,1.558500,1,0.197400,0
2021-04-07,sh.601899,10.2500,10.2900,9.9000,10.2400,10.1500,253068408,2555155700.6000,3,1.288500,1,0.886700,0
2021-04-08,sh.601899,10.2000,10.6800,10.0700,10.5300,10.2400,409922288,4297622177.3000,3,2.087100,1,2.832000,0
2021-04-09,sh.601899,10.5900,10.6200,10.2500,10.2900,10.5300,227726836,2361921476.6000,3,1.159500,1,-2.279200,0
2021-04-12,sh.601899,10.1700,10.1700,9.6000,9.6800,10.2900,382576976,3746359620.5300,3,1.947900,1,-5.928100,0
2021-04-13,sh.601899,9.5900,9.8300,9.5100,9.7000,9.6800,215462208,2092158730.1300,3,1.097000,1,0.206600,0
2021-04-14,sh.601899,9.7200,9.9700,9.7200,9.9300,9.7000,222354597,2196393986.4800,3,1.132100,1,2.371100,0
2021-04-15,sh.601899,10.1000,10.2400,9.8000,10.2100,9.9300,283596688,2851263081.4100,3,1.444000,1,2.819700,0
2021-04-16,sh.601899,10.5700,10.6900,10.2000,10.2300,10.2100,411957776,4305401933.3000,3,2.097500,1,0.195900,0
2021-04-19,sh.601899,10.2400,10.6500,9.9800,10.6500,10.2300,399896656,4173023437.7100,3,2.036100,1,4.105600,0
2021-04-20,sh.601899,10.5000,10.8600,10.4600,10.7400,10.6500,375163760,4012678441.9400,3,1.910200,1,0.845100,0
2021-04-21,sh.601899,10.5000,10.6600,10.3500,10.5500,10.7400,240994349,2536689651.2300,3,1.227000,1,-1.769100,0
2021-04-22,sh.601899,10.6600,10.8300,10.5200,10.6000,10.5500,258894772,2766959349.1700,3,1.318200,1,0.473900,0
2021-04-23,sh.601899,10.5600,10.8200,10.4100,10.7800,10.6000,285518032,3056599835.5900,3,1.453700,1,1.698100,0
2021-04-26,sh.601899,11.0300,11.4000,10.9300,11.1500,10.7800,486226800,5443923867.2700,3,2.475700,1,3.432300,0
2021-04-27,sh.601899,11.3200,11.5400,11.0100,11.2900,11.1500,490881808,5550831104.0800,3,2.499400,1,1.255600,0
2021-04-28,sh.601899,11.0200,11.2300,10.8500,11.0900,11.2900,299160544,3308172913.0900,3,1.523200,1,-1.771500,0
2021-04-29,sh.601899,11.3100,11.4800,11.1600,11.3600,11.0900,352853728,3995319718.3100,3,1.796600,1,2.434600,0
2021-04-30,sh.601899,11.2000,11.4100,10.8500,11.0300,11.3600,369975088,4087299495.1700,3,1.883800,1,-2.904900,0
2021-05-06,sh.601899,11.5600,11.9700,11.4100,11.5400,11.0300,498383280,5803831804.3100,3,2.537600,1,4.623800,0
2021-05-07,sh.601899,11.9700,12.0900,11.8400,11.9200,11.5400,501563280,5992351538.7200,3,2.553700,1,3.292900,0
2021-05-10,sh.601899,12.3500,12.5000,12.1300,12.3500,11.9200,577791600,7112689364.3200,3,2.941900,1,3.607400,0
2021-05-11,sh.601899,11.9000,11.9000,11.3100,11.5800,12.3500,533978720,6190222552.7000,3,2.718800,1,-6.234800,0
2021-05-12,sh.601899,11.5000,11.7800,11.4100,11.7500,11.5800,267046039,3109739688.0400,3,1.359700,1,1.468000,0
2021-05-13,sh.601899,11.2600,11.4100,11.0000,11.0800,11.7500,401687360,4482547608.9000,3,2.045200,1,-5.702100,0
2021-05-14,sh.601899,11.0100,11.1200,10.7000,11.0600,11.0800,359966288,3923947721.6700,3,1.832800,1,-0.180500,0
2021-05-17,sh.601899,11.1200,11.5000,11.0000,11.4500,11.0600,382905376,4320022450.5200,3,1.949600,1,3.526200,0
2021-05-18,sh.601899,11.7400,11.8800,11.5900,11.7300,11.4500,293717680,3452682328.7200,3,1.495500,1,2.445400,0
2021-05-19,sh.601899,11.5700,11.5700,11.3200,11.4200,11.7300,260692258,2972228880.7900,3,1.327300,1,-2.642800,0
2021-05-20,sh.601899,10.9000,11.1000,10.6000,10.9300,11.4200,440449024,4757953611.5700,3,2.242600,1,-4.290700,0
2021-05-21,sh.601899,10.8000,11.0300,10.6700,10.8200,10.9300,273640496,2962046118.1000,3,1.393300,1,-1.006400,0
2021-05-24,sh.601899,10.5600,10.7600,10.4900,10.6200,10.8200,261063789,2769535488.1800,3,1.329200,1,-1.848400,0
2021-05-25,sh.601899,10.6900,11.0100,10.5500,10.9300,10.6200,309188928,3349195351.5200,3,1.574300,1,2.919000,0
2021-05-26,sh.601899,10.9300,11.1900,10.8800,11.0600,10.9300,264624958,2921685346.8800,3,1.347400,1,1.189400,0
2021-05-27,sh.601899,11.1900,11.2400,10.9600,11.1400,11.0600,235782674,2619503633.0200,3,1.200500,1,0.723300,0
2021-05-28,sh.601899,11.4400,11.5100,11.1900,11.1900,11.1400,284479216,3228782021.9800,3,1.448400,1,0.448800,0
2021-05-31,sh.601899,11.2900,11.3800,11.0900,11.2300,11.1900,274209232,3077621769.2400,3,1.396200,1,0.357500,0
2021-06-01,sh.601899,11.1500,11.4400,11.0700,11.4400,11.2300,299210048,3371369883.8400,3,1.517100,1,1.870000,0
2021-06-02,sh.601899,11.3000,11.4000,11.1500,11.1800,11.4400,241051336,2711209480.8700,3,1.222200,1,-2.272700,0
2021-06-03,sh.601899,11.1400,11.2700,11.0000,11.0000,11.1800,264730027,2946459114.1700,3,1.342200,1,-1.610000,0
2021-06-04,sh.601899,10.5100,10.9700,10.3900,10.8400,11.0000,402898080,4289951088.0100,3,2.042800,1,-1.454500,0
2021-06-07,sh.601899,10.8700,11.3200,10.8500,11.1700,10.8400,332356304,3695016908.7300,3,1.685100,1,3.044300,0
2021-06-08,sh.601899,11.2900,11.3500,10.9900,11.0600,11.1700,261484316,2907604384.4500,3,1.325800,1,-0.984800,0
2021-06-09,sh.601899,11.2000,11.2000,10.9100,11.0800,11.0600,207377190,2297180996.5700,3,1.051400,1,0.180800,0
2021-06-10,sh.601899,11.1000,11.2400,11.0500,11.0700,11.0800,216082902,2404639032.1200,3,1.095600,1,-0.090300,0
2021-06-11,sh.601899,11.1200,11.2700,10.8100,11.0000,11.0700,418514480,4630407468.7200,3,2.122000,1,-0.632300,0
2021-06-15,sh.601899,10.8800,10.9000,10.4000,10.4700,11.0000,460805360,4871405687.4000,3,2.336400,1,-4.818200,0
2021-06-16,sh.601899,10.2700,10.3900,9.9000,9.9400,10.4700,416736944,4188211881.9300,3,2.112900,1,-5.062100,0
2021-06-17,sh.601899,9.7800,10.0700,9.7300,9.8700,9.9400,251847790,2496062963.7100,3,1.276900,1,-0.704200,0
2021-06-18,sh.601899,9.5300,9.8400,9.3800,9.7700,9.8700,398962480,3841538872.8600,3,2.022800,1,-1.013200,0
2021-06-21,sh.601899,9.6400,9.8500,9.5700,9.7600,9.7700,243546360,2368894152.4200,3,1.234800,1,-0.102400,0
2021-06-22,sh.601899,9.8600,9.8900,9.7100,9.7800,9.7600,227173133,2227761262.2100,3,1.151800,1,0.204900,0
2021-06-23,sh.601899,9.8300,9.8400,9.6900,9.7800,9.7800,235780723,2305475530.1200,3,1.195500,1,0.000000,0
2021-06-24,sh.601899,9.8300,9.8700,9.6200,9.7300,9.7800,207415719,2021424296.0500,3,1.051600,1,-0.511200,0
2021-06-25,sh.601899,9.7500,10.1700,9.7500,10.1500,9.7300,371821152,3740231216.5400,3,1.814200,1,4.316500,0
2021-06-28,sh.601899,10.1500,10.1500,9.9200,9.9700,10.1500,239332470,2387798338.4000,3,1.213500,1,-1.773400,0
2021-06-29,sh.601899,9.9300,9.9300,9.5700,9.6500,9.9700,287644320,2789464365.1400,3,1.403500,1,-3.209600,0
2021-06-30,sh.601899,9.6400,9.7500,9.5200,9.6900,9.6500,141339080,1365157035.4300,3,0.689600,1,0.414500,0
2021-07-01,sh.601899,9.7400,9.7900,9.6100,9.7900,9.6900,159486111,1552823715.3200,3,0.778200,1,1.032000,0
2021-07-02,sh.601899,9.8800,10.0900,9.7900,9.8400,9.7900,302368928,3000272960.7500,3,1.475400,1,0.510700,0
2021-07-05,sh.601899,9.8500,10.0800,9.8400,10.0300,9.8400,298247136,2972403627.3600,3,1.455200,1,1.930900,0
2021-07-06,sh.601899,10.1100,10.1500,9.9000,10.0400,10.0300,245210281,2449466647.7900,3,1.196500,1,0.099700,0
2021-07-07,sh.601899,9.8300,10.0700,9.7600,9.9900,10.0400,244861197,2428009619.6100,3,1.194800,1,-0.498000,0
2021-07-08,sh.601899,10.0700,10.0900,9.6800,9.7300,9.9900,307122592,3018272388.7400,3,1.498500,1,-2.602600,0
2021-07-09,sh.601899,9.6300,10.2300,9.5500,10.1400,9.6100,524989984,5251637905.4000,3,2.561600,1,5.515100,0
2021-07-12,sh.601899,10.4800,10.7000,10.2800,10.3800,10.1400,515750928,5402078978.3500,3,2.516500,1,2.366900,0
2021-07-13,sh.601899,10.3000,10.5000,10.0300,10.1500,10.3800,287840304,2929502128.2300,3,1.404500,1,-2.215800,0
2021-07-14,sh.601899,10.0300,10.0300,9.7800,9.8200,10.1500,303091648,2985594542.0500,3,1.478900,1,-3.251200,0
2021-07-15,sh.601899,9.8400,10.0400,9.6500,10.0300,9.8200,299806672,2956474075.2900,3,1.462900,1,2.138500,0
2021-07-16,sh.601899,10.0000,10.2000,9.8800,10.0000,10.0300,271506592,2723085432.5400,3,1.324800,1,-0.299100,0
2021-07-19,sh.601899,9.9200,10.0500,9.8500,9.9700,10.0000,255394747,2543088628.9500,3,1.246200,1,-0.300000,0
2021-07-20,sh.601899,9.7700,9.7800,9.6200,9.7200,9.9700,274588416,2662218196.6900,3,1.339800,1,-2.507500,0
2021-07-21,sh.601899,9.7500,9.8400,9.6500,9.8200,9.7200,293460784,2855218715.8600,3,1.431900,1,1.028800,0
2021-07-22,sh.601899,9.7700,10.1000,9.7000,10.0300,9.8200,374177424,3721218657.0100,3,1.825700,1,2.138500,0
2021-07-23,sh.601899,10.0300,10.3800,10.0000,10.1300,10.0300,438245056,4475502580.2700,3,2.138300,1,0.997000,0
2021-07-26,sh.601899,10.3500,10.4500,9.9500,10.1800,10.1300,465878176,4768601800.3700,3,2.273200,1,0.493600,0
2021-07-27,sh.601899,10.5200,11.1300,10.4700,10.6400,10.1800,927630608,10055251098.7100,3,4.526200,1,4.518700,0
2021-07-28,sh.601899,10.5100,10.6000,9.9100,10.0200,10.6400,551300384,5580639800.1200,3,2.690000,1,-5.827100,0
2021-07-29,sh.601899,10.1800,10.3000,9.9200,10.2400,10.0200,392959024,3977584187.4700,3,1.917400,1,2.195600,0
2021-07-30,sh.601899,10.2400,10.4000,10.0900,10.2500,10.2400,291420832,2975393471.6800,3,1.421900,1,0.097700,0
2021-08-02,sh.601899,10.3800,11.0000,10.1600,10.8100,10.2500,583619328,6142871807.8200,3,2.847700,1,5.463400,0
2021-08-03,sh.601899,10.7600,10.7700,10.3300,10.4100,10.8100,410342432,4302764778.9900,3,2.002200,1,-3.700300,0
2021-08-04,sh.601899,10.4200,10.5900,10.2200,10.5300,10.4100,357410288,3741821976.9500,3,1.743900,1,1.152700,0
2021-08-05,sh.601899,10.3300,10.4200,10.1600,10.2800,10.5300,342679856,3516739867.3500,3,1.672000,1,-2.374200,0
2021-08-06,sh.601899,10.2300,10.7600,10.2300,10.6800,10.2800,500137056,5287101615.7000,3,2.440300,1,3.891100,0
2021-08-09,sh.601899,10.3000,10.9200,10.2100,10.6900,10.6800,409476208,4315411802.5100,3,1.998000,1,0.093600,0
2021-08-10,sh.601899,10.5600,10.6800,10.4000,10.5500,10.6900,294265232,3092572705.4600,3,1.435800,1,-1.309600,0
2021-08-11,sh.601899,10.6500,10.8200,10.4800,10.5900,10.5500,337027616,3585872944.8100,3,1.644500,1,0.379100,0
2021-08-12,sh.601899,10.6200,11.1500,10.5100,11.0100,10.5900,664056032,7270785681.1600,3,3.240100,1,3.966000,0
2021-08-13,sh.601899,10.9000,11.3400,10.7800,11.2900,11.0100,507957552,5629514682.0000,3,2.478500,1,2.543100,0
2021-08-16,sh.601899,11.4400,11.8400,11.1500,11.1700,11.2900,539013216,6196314544.8100,3,2.630000,1,-1.062900,0
2021-08-17,sh.601899,11.0700,11.4400,10.7800,10.9500,11.1700,448247904,4984103033.1100,3,2.187100,1,-1.969600,0
2021-08-18,sh.601899,10.7900,10.9800,10.6000,10.9100,10.9500,359915568,3882209141.3800,3,1.756100,1,-0.365300,0
2021-08-19,sh.601899,10.6200,10.6500,10.1100,10.3400,10.9100,591193040,6139845359.6000,3,2.884600,1,-5.224600,0
2021-08-20,sh.601899,10.1300,10.1400,9.9000,10.0400,10.3400,414310592,4130780289.3000,3,2.021600,1,-2.901400,0
2021-08-23,sh.601899,10.1300,10.2500,10.0200,10.1400,10.0400,296510672,3003175788.0400,3,1.446800,1,0.996000,0
2021-08-24,sh.601899,10.2500,10.4300,10.2100,10.3200,10.1400,304859936,3155299754.1700,3,1.487500,1,1.775100,0
2021-08-25,sh.601899,10.3200,10.6200,10.1300,10.5200,10.3200,345752576,3596037347.6100,3,1.687000,1,1.938000,0
2021-08-26,sh.601899,10.4300,10.6700,10.3700,10.3900,10.5200,295880000,3102328423.3100,3,1.443700,1,-1.235700,0
2021-08-27,sh.601899,10.3100,10.5000,10.2800,10.4500,10.3900,278706512,2891161547.1500,3,1.359900,1,0.577500,0
2021-08-30,sh.601899,10.6600,11.0200,10.5300,10.8900,10.4500,536410944,5806055586.7400,3,2.617300,1,4.210500,0
2021-08-31,sh.601899,10.8000,11.1100,10.6500,11.1100,10.8900,482796496,5295000177.1100,3,2.355700,1,2.020200,0
2021-09-01,sh.601899,11.1200,11.2400,10.5700,10.6900,11.1100,476200784,5160104185.5200,3,2.323500,1,-3.780400,0
2021-09-02,sh.601899,10.5900,11.0400,10.5500,10.9000,10.6900,371841824,4030435661.3500,3,1.814300,1,1.964500,0
2021-09-03,sh.601899,11.0200,11.4200,10.9400,11.0700,10.9000,478081040,5339696180.0700,3,2.332700,1,1.559600,0
2021-09-06,sh.601899,11.2200,11.2800,10.7600,10.9500,11.0700,382572000,4171886231.2100,3,1.866700,1,-1.084000,0
2021-09-07,sh.601899,10.9600,11.0900,10.8200,10.9800,10.9500,355052672,3899936562.6900,3,1.732400,1,0.274000,0
2021-09-08,sh.601899,10.9100,11.0400,10.6800,10.8500,10.9800,423473728,4593585370.5600,3,2.066300,1,-1.184000,0
2021-09-09,sh.601899,10.7700,11.5700,10.7300,11.4300,10.8500,791356848,8926994879.0200,3,3.861300,1,5.345600,0
2021-09-10,sh.601899,11.4200,12.4500,11.3800,11.9700,11.4300,920206624,11055875820.2400,3,4.490000,1,4.724400,0
2021-09-13,sh.601899,12.2800,12.6800,12.1300,12.3900,11.9700,720541120,8918540790.0100,3,3.515700,1,3.508800,0
2021-09-14,sh.601899,12.1000,12.2200,11.6700,11.7200,12.3900,572338176,6827189281.0500,3,2.792600,1,-5.407600,0
2021-09-15,sh.601899,11.6000,11.6700,11.3100,11.5200,11.7200,356747856,4099964555.9200,3,1.740700,1,-1.706500,0
2021-09-16,sh.601899,11.7000,11.8300,11.1000,11.1100,11.5200,390504096,4448110307.6900,3,1.905400,1,-3.559000,0
2021-09-17,sh.601899,10.8200,11.0700,10.5900,10.8100,11.1100,374819440,4042139006.9500,3,1.828900,1,-2.700300,0
2021-09-22,sh.601899,10.5000,10.7300,10.4300,10.7100,10.8100,276147424,2914656696.6300,3,1.347400,1,-0.925100,0
2021-09-23,sh.601899,10.7900,10.8500,10.5200,10.5800,10.7100,273484160,2909217671.5300,3,1.334400,1,-1.213800,0
2021-09-24,sh.601899,10.5200,10.6300,10.3100,10.3400,10.5800,290751152,3030210106.6700,3,1.418700,1,-2.268400,0
2021-09-27,sh.601899,10.3300,10.3700,10.0100,10.1300,10.3400,291327184,2958240237.8800,3,1.421500,1,-2.030900,0
2021-09-28,sh.601899,10.1400,10.3600,10.0900,10.2200,10.1300,192161870,1963186343.7500,3,0.937600,1,0.888500,0
2021-09-29,sh.601899,10.1000,10.1500,9.9100,10.0200,10.2200,224656525,2250109484.8600,3,1.096200,1,-1.956900,0
2021-09-30,sh.601899,10.0000,10.1000,9.9800,10.0900,10.0200,123459769,1241545888.0200,3,0.602400,1,0.698600,0
2021-10-08,sh.601899,10.2600,10.3000,10.0600,10.2600,10.0900,151931425,1549243831.1300,3,0.741300,1,1.684800,0
2021-10-11,sh.601899,10.7300,11.2000,10.6200,11.0400,10.2600,555733360,6096616463.1200,3,2.711600,1,7.602300,0
2021-10-12,sh.601899,10.9800,10.9800,10.5300,10.8200,11.0400,316027968,3385255642.2900,3,1.542000,1,-1.992800,0
2021-10-13,sh.601899,10.7100,10.7800,10.5600,10.7100,10.8200,146895461,1569183323.2300,3,0.716700,1,-1.016600,0
2021-10-14,sh.601899,11.0000,11.3400,11.0000,11.1300,10.7100,384859984,4295788245.2300,3,1.877900,1,3.921600,0
2021-10-15,sh.601899,11.2000,11.9500,11.2000,11.4600,11.1300,514937216,5955272594.2500,3,2.512500,1,2.965000,0
2021-10-18,sh.601899,11.7000,11.8000,11.1800,11.5600,11.4600,529088368,6067538618.3100,3,2.581600,1,0.872600,0
2021-10-19,sh.601899,11.4000,11.8800,11.2700,11.8000,11.5600,410110320,4778513014.0300,3,2.001100,1,2.076100,0
2021-10-20,sh.601899,11.3800,11.4600,11.1600,11.3200,11.8000,428670640,4855264739.7700,3,2.091600,1,-4.067800,0
2021-10-21,sh.601899,11.4300,11.5800,11.2500,11.3400,11.3200,284046656,3241488056.4600,3,1.386000,1,0.176700,0
2021-10-22,sh.601899,11.1000,11.2400,10.9000,11.1200,11.3400,305697616,3394327524.9100,3,1.491600,1,-1.940000,0
2021-10-25,sh.601899,11.1200,11.2700,10.8800,11.1600,11.1200,194366975,2158677635.4500,3,0.948400,1,0.359700,0
2021-10-26,sh.601899,11.2600,11.4700,11.1100,11.3100,11.1600,224968726,2534819432.2700,3,1.097700,1,1.344100,0
2021-10-27,sh.601899,11.2000,11.2600,10.8400,10.8900,11.3100,276186240,3037153315.4100,3,1.347600,1,-3.713500,0
2021-10-28,sh.601899,10.7000,10.8200,10.3700,10.5100,10.8900,286533280,3022389846.1600,3,1.398100,1,-3.489400,0
2021-10-29,sh.601899,10.5900,10.6400,10.3700,10.4600,10.5100,208885775,2186745474.8900,3,1.019200,1,-0.475700,0
2021-11-01,sh.601899,10.3700,10.5600,10.2800,10.4800,10.4600,210225343,2191801786.3700,3,1.025800,1,0.191200,0
2021-11-02,sh.601899,10.4700,10.5200,10.0500,10.2300,10.4800,315797376,3242283765.8500,3,1.540900,1,-2.385500,0
2021-11-03,sh.601899,10.2300,10.2600,10.0800,10.2000,10.2300,231626822,2351302285.3000,3,1.130200,1,-0.293300,0
2021-11-04,sh.601899,10.2100,10.2600,10.1200,10.2600,10.2000,188213934,1919555805.0400,3,0.918400,1,0.588200,0
2021-11-05,sh.601899,10.1700,10.2500,10.1500,10.1800,10.2600,150868038,1536473007.1700,3,0.736100,1,-0.779700,0
2021-11-08,sh.601899,10.3000,10.6400,10.3000,10.5100,10.1800,291238976,3056813877.4200,3,1.421000,1,3.241700,0
2021-11-09,sh.601899,10.6000,10.6500,10.4100,10.5600,10.5100,165074576,1734037571.7900,3,0.805500,1,0.475700,0
2021-11-10,sh.601899,10.5400,10.5800,10.3500,10.5500,10.5600,168884883,1764772530.8500,3,0.824000,1,-0.094700,0
2021-11-11,sh.601899,10.5000,10.7300,10.5000,10.6900,10.5500,200024833,2121113366.3700,3,0.976000,1,1.327000,0
2021-11-12,sh.601899,10.7600,10.9500,10.7300,10.7400,10.6900,178949092,1932810518.9500,3,0.873100,1,0.467700,0
2021-11-15,sh.601899,10.7500,10.9000,10.5000,10.5600,10.7400,160909699,1711734275.6900,3,0.785100,1,-1.676000,0
2021-11-16,sh.601899,10.5700,10.6100,10.3200,10.3600,10.5600,163075827,1699260780.3300,3,0.795700,1,-1.893900,0
2021-11-17,sh.601899,10.3100,10.4400,10.2800,10.4200,10.3600,103452801,1074398998.6800,3,0.504800,1,0.579200,0
2021-11-18,sh.601899,10.3200,10.4400,10.3200,10.3600,10.4200,135204181,1402017901.7200,3,0.659700,1,-0.575800,0
2021-11-19,sh.601899,10.3600,10.4500,10.2400,10.4300,10.3600,165884255,1715728744.1600,3,0.809400,1,0.675700,0
2021-11-22,sh.601899,10.4400,10.5600,10.3700,10.5400,10.4300,155700446,1633281047.1800,3,0.759700,1,1.054700,0
2021-11-23,sh.601899,10.5000,10.6800,10.4600,10.5800,10.5400,163768165,1732241839.9200,3,0.799100,1,0.379500,0
2021-11-24,sh.601899,10.6000,10.6200,10.3600,10.4400,10.5800,155171133,1620450534.7300,3,0.757100,1,-1.323300,0
2021-11-25,sh.601899,10.4800,10.5700,10.3400,10.5300,10.4400,147353124,1543611126.3500,3,0.719000,1,0.862100,0
2021-11-26,sh.601899,10.4400,10.4600,10.3300,10.3600,10.5300,136933219,1421666885.4100,3,0.668100,1,-1.614400,0
2021-11-29,sh.601899,10.2000,10.4400,10.0800,10.2500,10.3600,196592099,2012578664.0900,3,0.959200,1,-1.061800,0
2021-11-30,sh.601899,10.2700,10.3200,10.1300,10.1500,10.2500,164771599,1679330428.3000,3,0.804000,1,-0.975600,0
2021-12-01,sh.601899,10.0900,10.1700,10.0000,10.1400,10.1500,173396555,1747896488.9300,3,0.846100,1,-0.098500,0
2021-12-02,sh.601899,10.0900,10.1400,10.0100,10.0400,10.1400,171598087,1723933861.7200,3,0.837300,1,-0.986200,0
2021-12-03,sh.601899,10.0500,10.1200,9.9700,10.1200,10.0400,180795611,1814986967.4900,3,0.882200,1,0.796800,0
2021-12-06,sh.601899,10.1200,10.2600,10.0600,10.1700,10.1200,165710038,1687485543.9900,3,0.808600,1,0.494100,0
2021-12-07,sh.601899,10.2600,10.2800,10.1600,10.2500,10.1700,154853258,1583273592.9400,3,0.755600,1,0.786600,0
2021-12-08,sh.601899,10.3400,10.3400,10.2500,10.3000,10.2500,149696872,1540960254.0400,3,0.730400,1,0.487800,0
2021-12-09,sh.601899,10.3400,10.3900,10.2800,10.3600,10.3000,179496338,1856700650.6200,3,0.875800,1,0.582500,0
2021-12-10,sh.601899,10.3100,10.3200,10.1600,10.2600,10.3600,152268622,1558863155.0300,3,0.743000,1,-0.965300,0
2021-12-13,sh.601899,10.2800,10.4900,10.2500,10.3800,10.2600,225459238,2337278145.6100,3,1.100100,1,1.169600,0
2021-12-14,sh.601899,10.3000,10.3200,10.1000,10.1400,10.3800,201746051,2054070176.6800,3,0.984400,1,-2.312100,0
2021-12-15,sh.601899,10.1100,10.1200,10.0300,10.0500,10.1400,153263643,1541102577.7600,3,0.747800,1,-0.887600,0
2021-12-16,sh.601899,10.0500,10.1400,10.0000,10.1100,10.0500,154927165,1559941264.5200,3,0.755900,1,0.597000,0
2021-12-17,sh.601899,10.1800,10.3300,10.1600,10.1700,10.1100,184007620,1882848129.1000,3,0.897800,1,0.593500,0
2021-12-20,sh.601899,10.0200,10.1200,9.9200,9.9600,10.1700,234661098,2346452601.0100,3,1.145000,1,-2.064900,0
2021-12-21,sh.601899,9.9400,10.0100,9.9200,9.9900,9.9600,81491132,812875087.6400,3,0.397600,1,0.301200,0
2021-12-22,sh.601899,9.9900,10.0400,9.9400,9.9700,9.9900,100050658,997061440.8200,3,0.488200,1,-0.200200,0
2021-12-23,sh.601899,10.0000,10.0800,9.9600,10.0300,9.9700,108666698,1088696073.8000,3,0.530200,1,0.601800,0
2021-12-24,sh.601899,10.0300,10.0300,9.6300,9.6900,10.0300,229753578,2242390542.2200,3,1.121000,1,-3.389800,0
2021-12-27,sh.601899,9.7600,9.7600,9.5400,9.5800,9.6900,130990345,1261772199.7200,3,0.639100,1,-1.135200,0
2021-12-28,sh.601899,9.6200,9.7400,9.5600,9.7100,9.5800,127947316,1234969570.4200,3,0.624300,1,1.357000,0
2021-12-29,sh.601899,9.7000,9.7200,9.5800,9.6200,9.7100,105092586,1011289593.5600,3,0.512800,1,-0.926900,0
2021-12-30,sh.601899,9.6500,9.7400,9.5900,9.6400,9.6200,90555018,874786652.1800,3,0.441800,1,0.207900,0
2021-12-31,sh.601899,9.6700,9.7300,9.6200,9.7000,9.6400,80544673,780543449.1300,3,0.393000,1,0.622400,0
2022-01-04,sh.601899,9.7000,9.8600,9.6200,9.8200,9.7000,151937844,1476678476.1000,3,0.741400,1,1.237100,0
2022-01-05,sh.601899,9.8000,9.8600,9.7200,9.7700,9.8200,117856607,1154269047.1500,3,0.575100,1,-0.509200,0
2022-01-06,sh.601899,9.7100,9.8100,9.6500,9.6700,9.7700,112224349,1087737432.0400,3,0.547600,1,-1.023500,0
2022-01-07,sh.601899,9.6500,9.6600,9.3000,9.3700,9.6700,288598400,2723652166.9700,3,1.408200,1,-3.102400,0
2022-01-10,sh.601899,9.3700,9.4300,9.3100,9.4000,9.3700,130256364,1221940933.3300,3,0.635600,1,0.320200,0
2022-01-11,sh.601899,9.4200,9.4900,9.3800,9.4300,9.4000,107029977,1010333226.0600,3,0.522200,1,0.319100,0
2022-01-12,sh.601899,9.4900,10.0900,9.4900,10.0100,9.4300,438182880,4321974972.4800,3,2.138000,1,6.150600,0
2022-01-13,sh.601899,10.2300,10.4600,10.0500,10.0600,10.0100,389068320,3989473620.8300,3,1.898400,1,0.499500,0
2022-01-14,sh.601899,10.0000,10.0100,9.7800,9.8200,10.0600,195308862,1923461414.5600,3,0.953000,1,-2.385700,0
2022-01-17,sh.601899,9.8500,9.8600,9.5800,9.6800,9.8200,197777488,1917765148.8400,3,0.965000,1,-1.425700,0
2022-01-18,sh.601899,9.7500,10.0900,9.6700,9.9400,9.6800,247705199,2462070698.9800,3,1.208600,1,2.686000,0
2022-01-19,sh.601899,9.9500,10.0100,9.8300,9.8900,9.9400,159293183,1576770289.2500,3,0.777200,1,-0.503000,0
2022-01-20,sh.601899,10.0800,10.2100,10.0500,10.1200,9.8900,278928960,2827346305.5700,3,1.361000,1,2.325600,0
2022-01-21,sh.601899,10.1300,10.3500,9.9700,10.2700,10.1200,293429744,3007898728.8100,3,1.431700,1,1.482200,0
2022-01-24,sh.601899,10.1300,10.3000,10.1100,10.2900,10.2700,179100403,1831281747.8900,3,0.873900,1,0.194700,0
2022-01-25,sh.601899,10.1900,10.4500,10.1000,10.1100,10.2900,228660124,2350208683.0000,3,1.115700,1,-1.749300,0
2022-01-26,sh.601899,10.2000,10.2700,9.9800,10.1800,10.1100,140693969,1427162038.5000,3,0.686500,1,0.692400,0
2022-01-27,sh.601899,10.2000,10.2000,9.9000,9.9100,10.1800,177745272,1780717923.1400,3,0.867300,1,-2.652300,0
2022-01-28,sh.601899,9.8800,9.9900,9.6100,9.7600,9.9100,148019030,1447213004.3100,3,0.722200,1,-1.513600,0
2022-02-07,sh.601899,10.0300,10.2800,10.0200,10.2500,9.7600,242635817,2469767346.8300,3,1.183900,1,5.020500,0
2022-02-08,sh.601899,10.2800,10.3500,10.1300,10.3500,10.2500,190474875,1952559159.3100,3,0.929400,1,0.975600,0
2022-02-09,sh.601899,10.4100,10.8900,10.3700,10.7800,10.3500,393840768,4228453406.6600,3,1.921700,1,4.154600,0
2022-02-10,sh.601899,11.0200,11.4100,11.0200,11.2100,10.7800,526339376,5924627598.2600,3,2.568200,1,3.988900,0
2022-02-11,sh.601899,11.2700,11.6200,11.0500,11.0600,11.2100,353530336,3994054355.7200,3,1.725000,1,-1.338100,0
2022-02-14,sh.601899,11.0600,11.2400,10.9700,11.0600,11.0600,236092175,2617562427.2800,3,1.152000,1,0.000000,0
2022-02-15,sh.601899,11.1300,11.1500,10.7600,10.9000,11.0600,214786908,2341801550.5800,3,1.048000,1,-1.446700,0
2022-02-16,sh.601899,10.8300,11.0300,10.7700,10.9300,10.9000,162692641,1776274260.8400,3,0.793800,1,0.275200,0
2022-02-17,sh.601899,10.9400,11.3200,10.9200,11.2700,10.9300,277804592,3114061250.1100,3,1.355500,1,3.110700,0
2022-02-18,sh.601899,11.3400,11.3400,11.0800,11.2300,11.2700,183977329,2058938301.9500,3,0.897700,1,-0.354900,0
2022-02-21,sh.601899,11.1400,11.3800,11.0400,11.1200,11.2300,154311223,1722703572.4300,3,0.752900,1,-0.979500,0
2022-02-22,sh.601899,11.1700,11.2600,10.9600,11.2000,11.1200,191084683,2125847412.4300,3,0.932400,1,0.719400,0
2022-02-23,sh.601899,11.1100,11.1400,10.8300,10.9200,11.2000,260732359,2840347948.4800,3,1.272200,1,-2.500000,0
2022-02-24,sh.601899,10.8800,11.2900,10.8400,11.0000,10.9200,437359792,4846879680.0900,3,2.134000,1,0.732600,0
2022-02-25,sh.601899,10.8900,11.1700,10.6500,10.9500,11.0000,284296432,3114026825.1900,3,1.387200,1,-0.454500,0
2022-02-28,sh.601899,11.0000,11.2800,10.8500,11.2200,10.9500,305738560,3391277088.0000,3,1.491800,1,2.465800,0
2022-03-01,sh.601899,11.2300,11.2600,10.9700,11.1500,11.2200,202566146,2248499088.0000,3,0.988400,1,-0.623900,0
2022-03-02,sh.601899,11.3600,11.5200,11.3100,11.4000,11.1500,320060320,3654721664.0000,3,1.561700,1,2.242200,0
2022-03-03,sh.601899,11.5200,12.0900,11.5200,11.8700,11.4000,455231456,5417605376.0000,3,2.221200,1,4.122800,0
2022-03-04,sh.601899,11.8100,11.9700,11.5200,11.5800,11.8700,295238176,3456283184.0000,3,1.440600,1,-2.443100,0
2022-03-07,sh.601899,12.0100,12.1700,11.7300,11.8300,11.5800,417808496,4982781440.0000,3,2.038600,1,2.158900,0
2022-03-08,sh.601899,11.4400,11.7900,11.1000,11.4100,11.8300,411158640,4705712384.0000,3,2.006200,1,-3.550300,0
2022-03-09,sh.601899,11.4800,11.6000,10.8200,11.2700,11.4100,307834288,3473775824.0000,3,1.502000,1,-1.227000,0
2022-03-10,sh.601899,11.0100,11.1400,10.7700,10.9800,11.2700,289722720,3178442560.0000,3,1.413600,1,-2.573200,0
2022-03-11,sh.601899,10.8900,10.9800,10.6500,10.9800,10.9800,198185486,2144011520.0000,3,0.967000,1,0.000000,0
2022-03-14,sh.601899,10.7500,10.8500,10.4400,10.4500,10.9800,216690517,2298407680.0000,3,1.057300,1,-4.827000,0
2022-03-15,sh.601899,10.0700,10.1400,9.5200,9.5500,10.4500,378224160,3709245328.0000,3,1.845500,1,-8.612400,0
2022-03-16,sh.601899,9.7000,10.1500,9.3200,10.1200,9.5500,293755904,2866381936.0000,3,1.433300,1,5.968600,0
2022-03-17,sh.601899,10.3000,10.4900,10.1500,10.3000,10.1200,213102023,2199430176.0000,3,1.039800,1,1.778700,0
2022-03-18,sh.601899,10.3600,10.6900,10.2400,10.6300,10.3000,196944613,2064937224.3900,3,0.961000,1,3.203900,0
2022-03-21,sh.601899,10.8200,11.0600,10.5500,11.0000,10.6300,235034214,2559192678.0700,3,1.146800,1,3.480700,0
2022-03-22,sh.601899,10.9400,11.3900,10.9000,11.3000,11.0000,254417629,2869808347.3600,3,1.241400,1,2.727300,0
2022-03-23,sh.601899,11.4000,11.4000,11.1800,11.3400,11.3000,170924368,1931372436.8200,3,0.834000,1,0.354000,0
2022-03-24,sh.601899,11.4300,11.8300,11.4200,11.7100,11.3400,267406595,3114656699.2200,3,1.304800,1,3.262800,0
2022-03-25,sh.601899,11.6500,11.8100,11.4800,11.5200,11.7100,201675870,2343224244.6700,3,0.984000,1,-1.622500,0
2022-03-28,sh.601899,11.4400,11.6900,11.2500,11.5600,11.5200,192200509,2210364586.1300,3,0.937800,1,0.347200,0
2022-03-29,sh.601899,11.5000,11.7300,11.4700,11.5900,11.5600,139373074,1618640238.2600,3,0.680000,1,0.259500,0
2022-03-30,sh.601899,11.5800,11.5800,11.3500,11.4600,11.5900,179686151,2059265366.5200,3,0.876700,1,-1.121700,0
2022-03-31,sh.601899,11.5300,11.6900,11.2500,11.3400,11.4600,148366567,1693618738.9000,3,0.723900,1,-1.047100,0
2022-04-01,sh.601899,11.3700,11.5900,11.2000,11.4500,11.3400,131866667,1506877086.1900,3,0.643400,1,0.970000,0
2022-04-06,sh.601899,11.5200,11.7800,11.4000,11.6000,11.4500,137554740,1586775595.7300,3,0.671200,1,1.310000,0
2022-04-07,sh.601899,11.4500,11.6800,11.3800,11.5300,11.6000,123728339,1428194910.6500,3,0.603700,1,-0.603400,0
2022-04-08,sh.601899,11.6000,12.0500,11.5900,11.9500,11.5300,323989792,3864415488.9700,3,1.580800,1,3.642700,0
2022-04-11,sh.601899,12.0000,12.0200,11.4800,11.6800,11.9500,245756229,2874313776.0300,3,1.199100,1,-2.259400,0
2022-04-12,sh.601899,11.7000,11.7900,11.4300,11.6800,11.6800,170559305,1986767928.3800,3,0.832200,1,0.000000,0
2022-04-13,sh.601899,11.7800,12.7400,11.7300,12.5300,11.6800,415821440,5133714614.0900,3,2.028900,1,7.277400,0
2022-04-14,sh.601899,12.6100,12.9100,12.4200,12.7400,12.5300,258289403,3273347108.1400,3,1.260300,1,1.676000,0
2022-04-15,sh.601899,12.4300,12.8600,12.0800,12.1300,12.7400,351868144,4390283214.8500,3,1.716900,1,-4.788100,0
2022-04-18,sh.601899,12.1000,12.2000,11.8800,12.0200,12.1300,167335376,2014499598.7700,3,0.816500,1,-0.906800,0
2022-04-19,sh.601899,12.2000,12.3600,11.9100,12.0000,12.0200,225673388,2732121827.0300,3,1.101100,1,-0.166400,0
2022-04-20,sh.601899,11.8200,12.0000,11.4000,11.4400,12.0000,232400706,2697329315.2700,3,1.134000,1,-4.666700,0
2022-04-21,sh.601899,11.3600,11.4800,10.9100,11.0100,11.4400,188969162,2105839855.5300,3,0.922000,1,-3.758700,0
2022-04-22,sh.601899,10.9000,11.4500,10.7100,11.3300,11.0100,193633012,2163813294.9600,3,0.944800,1,2.906400,0
2022-04-25,sh.601899,10.8800,11.1000,10.5300,10.6200,11.3300,249779205,2705158282.9100,3,1.218800,1,-6.266500,0
2022-04-26,sh.601899,10.6200,10.6600,10.0900,10.2400,10.6200,234308568,2417806295.2200,3,1.143300,1,-3.578200,0
2022-04-27,sh.601899,10.1800,11.0000,10.1600,10.8900,10.2400,292473024,3125612224.6000,3,1.427100,1,6.347700,0
2022-04-28,sh.601899,10.9000,10.9100,10.5800,10.8000,10.8900,158313438,1701755883.6800,3,0.772500,1,-0.826400,0
2022-04-29,sh.601899,10.8300,11.0800,10.6800,11.0700,10.8000,229876483,2505304425.9700,3,1.121600,1,2.500000,0
